GovEntityID,Entity_Name,ParentEntityName,YEAR,Population,Tot_Rev,Police_Exp,Health_Exp,Housing_Exp,Tot_Exp,Tot_Exp2
100,Ada,Norman,2018,1672,2078154,401198,0,34504,2203715,2741253
101,Adams,Mower,2018,798,977299,104121,54003,0,623987,1025811
102,Adrian,Nobles,2018,1256,1315370,201034,0,16997,830540,1231449
103,Afton,Washington,2018,3024,3930667,188390,0,0,1421383,4365792
104,Aitkin,Aitkin,2018,2123,5143816,787715,0,395125,2780344,5642846
105,Akeley,Hubbard,2018,451,359793,66088,0,0,362582,400820
106,Albany,Stearns,2018,2712,2490137,465557,0,0,1500391,2667056
107,Albert Lea,Freeborn,2018,18165,21973487,3596292,0,214251,15893976,26411839
108,Alberta,Stevens,2018,111,116576,0,0,0,76386,106211
109,Albertville,Wright,2018,7485,6114083,735840,0,31757,3410975,5554531
110,Alden,Freeborn,2018,624,593796,15274,,,317233,571270
111,Aldrich,Wadena,2018,42,25750,0,0,0,17903,17903
112,Alexandria,Douglas,2018,13951,17249915,3128414,0,640746,11652296,20086517
113,Alpha,Jackson,2018,110,157893,0,0,0,110523,125592
114,Altura,Winona,2018,466,394443,0,0,0,261172,301548
115,Alvarado,Marshall,2018,366,305160,,,20549,285026,343117
116,Amboy,Blue Earth,2018,510,640575,108605,0,0,387230,517712
117,Andover,Anoka,2018,32728,19267296,3053526,0,0,12999992,19603439
118,Annandale,Wright,2018,3374,3067579,661486,0,19816,1902488,3224750
119,Anoka,Anoka,2018,18573,15727871,5172543,0,162353,12840097,20106796
120,Apple Valley,Dakota,2018,53429,43134707,9411246,0,727366,31250801,40792688
121,Appleton,Swift,2018,1356,3136020,391775,0,0,2058909,3061833
122,Arco,Lincoln,2018,75,95732,0,0,5000,75749,78249
123,Arden Hills,Ramsey,2018,9889,7222675,1227131,0,231585,4811062,10757975
124,Argyle,Marshall,2018,650,716029,,,,465825,645941
125,Arlington,Sibley,2018,2230,2520002,313633,0,0,1684917,2928296
126,Ashby,Grant,2018,448,573183,34105,,17058,399828,530445
127,Askov,Pine,2018,349,345080,0,0,0,252569,314434
128,Atwater,Kandiyohi,2018,1127,982843,100328,0,0,647738,824660
129,Audubon,Becker,2018,532,734305,49183,0,0,537905,844158
130,Aurora,Saint Louis,2018,1670,2921027,370140,0,50192,2281724,2782029
131,Austin,Mower,2018,25589,23841178,4757597,0,0,16378834,22258904
132,Avoca,Murray,2018,138,81759,1430,,,78966,115160
133,Avon,Stearns,2018,1639,1985401,376392,0,26042,1355819,1800963
134,Babbitt,Saint Louis,2018,1454,2919985,589816,,,2200835,3494220
135,Backus,Cass,2018,250,731978,16640,,,801284,1158980
136,Badger,Roseau,2018,362,373963,0,0,0,242525,331485
137,Bagley,Clearwater,2018,1421,2224242,281329,0,16263,1323131,2058846
138,Balaton,Lyon,2018,630,935339,67006,35138,1281,620815,1130595
139,Barnesville,Clay,2018,2666,2929960,623002,0,53935,2794686,3682019
140,Barnum,Carlton,2018,605,639309,631,0,0,408071,741388
141,Barrett,Grant,2018,414,399815,35624,0,0,446328,450717
142,Barry,Big Stone,2018,13,18312,,,,21155,21155
143,Battle Lake,Otter Tail,2018,936,1008362,249447,0,45787,802680,893446
144,Baudette,Lake of The Woods,2018,1069,1707793,248420,0,650000,2049636,2409695
145,Baxter,Crow Wing,2018,8478,17666244,1823279,0,354353,8641912,24876281
146,Bayport,Washington,2018,3893,3782476,880404,0,54440,2933757,3329726
147,Beardsley,Big Stone,2018,216,157583,0,0,0,113964,314924
148,Beaver Bay,Lake,2018,180,385560,0,0,0,257210,272722
149,Beaver Creek,Rock,2018,286,230407,10052,0,0,293591,341705
150,Becker,Sherburne,2018,4856,8070813,903790,0,0,5307459,8358096
151,Bejou,Mahnomen,2018,93,39448,0,0,0,47686,57507
152,Belgrade,Stearns,2018,762,1106200,225232,,,604875,1285891
153,Belle Plaine,Scott,2018,7408,7663951,1507300,0,1000,4090024,9004329
154,Bellechester,Goodhue,2018,170,121813,5540,0,0,113295,188748
155,Bellingham,Lac qui Parle,2018,150,210502,,,,131019,215311
156,Beltrami,Polk,2018,97,65380,0,0,0,79339,87794
157,Belview,Redwood,2018,362,333267,0,0,0,281679,283429
158,Bemidji,Beltrami,2018,15462,15672871,4289518,0,0,12369591,17750585
159,Bena,Cass,2018,122,26348,,,,32117,32117
160,Benson,Swift,2018,3156,24018218,935360,0,112792,3153813,4152088
161,Bertha,Todd,2018,486,415695,59150,0,14526,338695,395356
162,Bethel,Anoka,2018,505,585138,42440,0,0,293204,409647
163,Big Falls,Koochiching,2018,210,426173,,,,257499,460659
164,Big Lake,Sherburne,2018,11456,8278501,1782105,0,0,4678171,10189464
165,Bigelow,Nobles,2018,234,198888,7280,0,0,112042,112042
166,Bigfork,Itasca,2018,439,774966,,,22456,361181,764770
167,Bingham Lake,Cottonwood,2018,128,146809,,,,94008,94008
168,Birchwood,Washington,2018,876,466108,51958,,,395350,426267
169,Bird Island,Renville,2018,989,1083049,165688,,,811550,1842239
170,Biscay,McLeod,2018,103,55904,0,0,0,47501,47501
171,Biwabik,Saint Louis,2018,995,1548837,338170,0,0,1627255,4885507
172,Blackduck,Beltrami,2018,840,724122,177653,0,0,590652,709319
173,Blaine,Anoka,2018,66667,44307133,10894520,0,0,31550223,52377163
174,Blomkest,Kandiyohi,2018,149,178661,0,0,0,122471,191278
175,Blooming Prairie,Steele,2018,1992,1814915,417580,0,0,1357816,1818086
176,Bloomington,Hennepin,2018,89654,148306791,25766677,6357652,15017640,102460002,140686199
177,Blue Earth,Faribault,2018,3204,6246940,609702,0,18426,3754175,10151968
178,Bluffton,Otter Tail,2018,216,176999,0,0,0,104065,113905
179,Bock,Mille Lacs,2018,108,58899,,,,40181,40181
180,Borup,Norman,2018,104,59943,,,,37417,42636
181,Bovey,Itasca,2018,796,1091267,239072,0,0,865958,1065539
182,Bowlus,Morrison,2018,287,257579,0,0,0,140699,215913
184,Boyd,Lac qui Parle,2018,155,261333,16310,0,0,195331,204481
185,Braham,Isanti,2018,1804,2058591,523940,0,0,1413312,2096394
186,Brainerd,Crow Wing,2018,13732,20483911,3680728,0,376488,14104123,20968400
187,Brandon,Douglas,2018,495,535030,,,,302562,507923
188,Breckenridge,Wilkin,2018,3298,3803998,859472,0,0,2758811,4201637
189,Breezy Point,Crow Wing,2018,2485,2882097,743993,,,1882711,2215908
190,Brewster,Nobles,2018,481,551773,7272,0,2964,349440,594775
191,Bricelyn,Faribault,2018,346,384976,12000,0,0,220358,326412
192,Brook Park,Pine,2018,126,82590,,,,106745,106745
193,Brooklyn Center,Hennepin,2018,32299,36434418,8718540,0,0,22964072,36805054
194,Brooklyn Park,Hennepin,2018,81679,73198700,22393731,0,909664,56593873,70169194
195,Brooks,Red Lake,2018,136,90889,3375,,,53585,53585
196,Brookston,Saint Louis,2018,124,50209,0,0,0,57966,57966
197,Brooten,Stearns,2018,747,1826347,81998,0,0,472974,2316471
198,Browerville,Todd,2018,789,706684,27300,0,0,396304,3337710
199,Browns Valley,Traverse,2018,559,993400,146687,,,842134,933128
200,Brownsdale,Mower,2018,683,516686,39660,,,374387,564736
201,Brownsville,Houston,2018,489,320117,0,0,43238,252571,429296
202,Brownton,McLeod,2018,717,1026314,162600,0,0,1110794,4437274
203,Bruno,Pine,2018,98,94246,,,,72578,72578
204,Buckman,Morrison,2018,299,104514,,,,59070,59070
205,Buffalo,Wright,2018,16479,13203539,2240488,0,190395,9377157,14274038
206,Buffalo Lake,Renville,2018,674,1837799,185155,0,0,713932,4833849
207,Buhl,Saint Louis,2018,980,1139820,58390,0,0,845645,976941
208,Burnsville,Dakota,2018,62657,57162909,14373574,0,0,38551491,58428257
209,Burtrum,Todd,2018,138,78872,5040,0,0,46697,54856
210,Butterfield,Watonwan,2018,572,419345,0,0,0,330429,452094
211,Byron,Olmsted,2018,5770,4946003,341187,0,0,1961656,5917849
212,Caledonia,Houston,2018,2824,2595721,629109,0,11558,2193848,3722794
213,Callaway,Becker,2018,231,572280,66919,,,414891,414891
214,Calumet,Itasca,2018,348,353142,0,0,0,358520,422748
215,Cambridge,Isanti,2018,8977,10501782,1957849,0,460736,7562014,12450698
216,Campbell,Wilkin,2018,141,174682,3928,0,0,93968,128874
217,Canby,Yellow Medicine,2018,1723,2742316,274409,0,211270,1732020,2957297
218,Cannon Falls,Goodhue,2018,4119,5628626,1025029,0,0,4019369,7718766
219,Canton,Fillmore,2018,349,283469,24000,0,0,316763,321919
220,Carlos,Douglas,2018,499,482537,14178,,,255059,715392
221,Carlton,Carlton,2018,979,921259,6865,,19829,505925,767551
222,Carver,Carver,2018,4727,4780354,183781,0,0,2714228,6283205
223,Cass Lake,Cass,2018,760,875406,253000,0,0,672849,735989
224,Cedar Mills,Meeker,2018,43,32126,0,0,0,18008,18008
225,Center City,Chisago,2018,622,618932,29238,0,0,267634,804979
226,Centerville,Anoka,2018,4047,3826967,876794,0,0,2350004,5425842
227,Ceylon,Martin,2018,338,314312,0,0,0,257268,276284
228,Champlin,Hennepin,2018,23927,22828078,3891397,0,0,17498502,25556594
229,Chandler,Murray,2018,255,271042,2610,0,0,193126,205947
230,Chanhassen,Carver,2018,26266,17392498,1780646,0,0,13213407,24317762
231,Chaska,Carver,2018,27622,27197021,4266729,0,0,23835227,36662986
232,Chatfield,Fillmore,2018,2881,3721883,569092,,,3218137,5725196
233,Chickamaw Beach,Cass,2018,113,49692,3522,,,29926,72119
234,Chisago City,Chisago,2018,5414,5750785,690837,0,0,2376615,5634707
235,Chisholm,Saint Louis,2018,4937,7957972,1451583,0,0,4880347,6785862
236,Chokio,Stevens,2018,389,436352,0,0,0,291342,480355
237,Circle Pines,Anoka,2018,5076,4870087,1028712,0,0,2580025,9391241
238,Clara City,Chippewa,2018,1318,2431798,212374,,,1068105,3554877
239,Claremont,Dodge,2018,535,895172,63103,,,788182,995617
240,Clarissa,Todd,2018,663,1694958,14025,0,0,309355,4119706
241,Clarkfield,Yellow Medicine,2018,812,1233888,96720,32173,0,846411,1777773
242,Clarks Grove,Freeborn,2018,679,1299433,,,,537010,2193017
243,Clear Lake,Sherburne,2018,619,768487,,,,515645,651113
244,Clearbrook,Clearwater,2018,520,625792,138436,0,0,634208,806609
245,Clearwater,Wright,2018,1796,1880480,215774,,,1179612,2049407
246,Clements,Redwood,2018,140,150084,0,0,0,99687,143074
247,Cleveland,Le Sueur,2018,735,780106,105394,0,0,447899,634170
248,Climax,Polk,2018,267,1100237,14223,,570,190101,2465965
249,Clinton,Big Stone,2018,419,653698,,,,691460,715258
250,Clitherall,Otter Tail,2018,115,43699,0,0,0,29127,29127
251,Clontarf,Swift,2018,150,163528,,,,136382,152485
252,Cloquet,Carlton,2018,12347,10626182,3027653,0,224518,7093915,16534537
253,Coates,Dakota,2018,168,77798,0,0,0,42395,42395
254,Cobden,Brown,2018,30,14975,0,0,0,14412,14412
255,Cohasset,Itasca,2018,2738,3926922,19614,0,0,2012647,2841111
256,Cokato,Wright,2018,2762,2655939,324494,0,0,2091569,3104656
257,Cold Spring,Stearns,2018,4201,4193456,1192738,0,11763,2638310,4144527
258,Coleraine,Itasca,2018,1947,2082304,268604,0,33949,1361979,1733719
259,Cologne,Carver,2018,1841,2113052,49495,0,0,1331193,4859845
260,Columbia Heights,Anoka,2018,20840,18674165,4454100,0,3439,15769088,19420484
954,Columbus,Anoka,2018,3950,5676105,361414,0,0,2248518,6534704
261,Comfrey,Brown,2018,353,704148,57226,,,531703,667693
262,Comstock,Clay,2018,92,44346,,,,31720,31720
263,Conger,Freeborn,2018,134,156829,,,,81755,110824
264,Cook,Saint Louis,2018,547,1732390,8755,,,1064350,1581352
265,Coon Rapids,Anoka,2018,63899,50411119,10027415,0,1420361,35493618,50291829
266,Corcoran,Hennepin,2018,5831,9925104,1383249,0,0,4415555,8514513
267,Correll,Big Stone,2018,30,27917,170,0,0,21423,21423
268,Cosmos,Meeker,2018,453,701283,36117,0,0,457468,975733
269,Cottage Grove,Washington,2018,37341,39498442,7366607,0,25579,22065494,48412725
270,Cottonwood,Lyon,2018,1237,1395515,90284,0,9544,754799,1487571
271,Courtland,Nicollet,2018,666,346472,,,,213401,384295
272,Cromwell,Carlton,2018,240,445589,0,0,0,367224,408665
273,Crookston,Polk,2018,8021,9648703,2070386,0,22632,8098481,10273397
274,Crosby,Crow Wing,2018,2360,3955379,795853,,153996,3099206,3775651
275,Crosslake,Crow Wing,2018,2275,4384037,583720,0,0,2434222,4337216
276,Crystal,Hennepin,2018,23287,21359827,5642438,0,0,15388442,20487895
277,Currie,Murray,2018,223,263521,2260,0,0,210056,421780
278,Cuyuna,Crow Wing,2018,341,601412,30141,0,0,207841,451659
279,Cyrus,Pope,2018,289,252188,11996,,,175022,206085
280,Dakota,Winona,2018,302,219325,0,0,0,163264,183225
281,Dalton,Otter Tail,2018,250,4180466,0,0,4365,305147,6064346
282,Danube,Renville,2018,461,691976,112786,,,476124,562776
283,Danvers,Swift,2018,95,145053,0,0,0,124052,150289
284,Darfur,Watonwan,2018,102,331845,0,0,0,139203,363813
285,Darwin,Meeker,2018,355,186573,0,0,0,110089,289975
286,Dassel,Meeker,2018,1470,1512044,211503,0,0,1022222,1528022
287,Dawson,Lac qui Parle,2018,1455,2223220,323671,0,0,1552619,2039209
288,Dayton,Hennepin,2018,6072,8916885,1039212,0,2519,3670101,8501327
289,De Graff,Swift,2018,119,60909,0,0,0,70598,79403
290,Deephaven,Hennepin,2018,3878,3692315,883371,,,3009088,3764229
291,Deer Creek,Otter Tail,2018,325,231401,20912,,,176996,220554
292,Deer River,Itasca,2018,925,1445037,464181,0,8465,1208105,2790952
293,Deerwood,Crow Wing,2018,535,1066842,258240,,,1133172,1229489
294,Delano,Wright,2018,6187,8258600,439539,0,72422,4292484,7804351
295,Delavan,Faribault,2018,165,409051,0,0,0,205726,399137
296,Delhi,Redwood,2018,65,55920,0,0,0,26698,39017
297,Dellwood,Washington,2018,1135,722425,64651,0,0,400354,1189714
298,Denham,Pine,2018,37,22401,0,0,0,21853,21853
299,Dennison,Goodhue,2018,213,180153,7275,0,0,115717,243797
300,Dent,Otter Tail,2018,187,296650,,,,195420,231733
301,Detroit Lakes,Becker,2018,9475,18228532,1883224,0,0,7945735,23364665
302,Dexter,Mower,2018,341,217706,0,0,0,214771,299164
303,Dilworth,Clay,2018,4514,4161020,959482,0,0,2238249,12388724
304,Dodge Center,Dodge,2018,2764,3425076,269205,0,0,1932617,3275254
305,Donaldson,Kittson,2018,36,49526,,,,29343,29343
306,Donnelly,Stevens,2018,224,187106,,,,99087,148883
307,Doran,Wilkin,2018,40,40989,1581,,,25096,25687
308,Dover,Olmsted,2018,759,604094,37456,0,0,317173,771307
309,Dovray,Murray,2018,55,79809,550,0,14162,72874,83446
310,Duluth,Saint Louis,2018,87213,141793999,23804581,0,981401,112685623,155354705
311,Dumont,Traverse,2018,86,114045,,,,100233,100233
312,Dundas,Rice,2018,1571,1494664,300421,,,1189250,2376997
313,Dundee,Nobles,2018,65,91957,0,0,0,49582,96674
314,Dunnell,Martin,2018,163,200389,18297,0,0,170103,180012
315,Eagan,Dakota,2018,68347,52105011,14132574,0,50,37410840,65900659
316,Eagle Bend,Todd,2018,519,3726240,104086,0,17734,489817,5434247
317,Eagle Lake,Blue Earth,2018,3137,2121660,311037,0,0,1384905,1961560
318,East Bethel,Anoka,2018,12029,7642648,1059508,,29705,4726781,7566857
319,East Grand Forks,Polk,2018,8875,16864642,2706861,0,255044,10579370,17166770
320,East Gull Lake,Cass,2018,1034,712045,0,0,0,430371,764474
321,Easton,Faribault,2018,189,286549,19194,0,0,175323,234971
322,Echo,Yellow Medicine,2018,258,950763,0,0,0,248070,2753589
323,Eden Prairie,Hennepin,2018,63456,65879259,14822370,0,1131670,48562705,63193751
324,Eden Valley,Meeker,2018,1044,1873087,181486,,,1221107,2310096
325,Edgerton,Pipestone,2018,1122,1060050,67520,0,0,830768,964025
326,Edina,Hennepin,2018,52535,67513677,12252816,0,123454,42839256,70215055
327,Effie,Itasca,2018,131,66572,0,0,0,55976,55976
328,Eitzen,Houston,2018,242,220660,,,,230736,243471
329,Elba,Winona,2018,148,92461,,,,42374,63809
330,Elbow Lake,Grant,2018,1172,2374078,767,0,0,1345777,5914647
331,Elgin,Wabasha,2018,1102,1124302,78297,0,0,859810,1354976
332,Elizabeth,Otter Tail,2018,168,110046,,,,136357,144075
333,Elk River,Sherburne,2018,24891,21666457,5413790,0,534303,17872447,22386211
956,Elko New Market,Scott,2018,4769,3723408,543320,0,0,2319214,3610013
335,Elkton,Mower,2018,141,69258,,,,40406,40406
336,Ellendale,Steele,2018,672,921985,55725,0,0,568595,763703
337,Ellsworth,Nobles,2018,467,426459,7280,5102,0,243745,277543
338,Elmdale,Morrison,2018,106,49101,,,,45488,67688
339,Elmore,Faribault,2018,584,642273,79691,0,0,521303,589187
340,Elrosa,Stearns,2018,216,160486,,,22853,110773,158413
341,Ely,Saint Louis,2018,3410,7883217,912875,0,0,4630465,8930336
342,Elysian,Le Sueur,2018,712,1152580,16100,0,0,623973,2431034
343,Emily,Crow Wing,2018,857,1267929,91182,0,351,849227,1534222
344,Emmons,Freeborn,2018,365,352957,0,0,0,184752,184752
345,Erhard,Otter Tail,2018,146,75680,,,,58604,76342
346,Erskine,Polk,2018,492,411892,,,,340883,372419
347,Evan,Brown,2018,79,47963,1229,,,24337,24337
348,Evansville,Douglas,2018,603,692677,9541,,11578,312228,752987
349,Eveleth,Saint Louis,2018,3609,6597654,1338136,0,0,5022241,6365444
350,Excelsior,Hennepin,2018,2321,2675508,757333,0,0,2131363,3153959
351,Eyota,Olmsted,2018,1973,1648034,137558,0,0,863079,3968750
352,Fairfax,Renville,2018,1152,1732245,275478,0,0,1410811,2945259
353,Fairmont,Martin,2018,10307,13096464,2668570,0,30588,9117952,14027967
354,Falcon Heights,Ramsey,2018,5479,3334196,1048572,0,0,2509557,3399988
355,Faribault,Rice,2018,23884,25197072,4808971,0,720404,18573364,27149979
356,Farmington,Dakota,2018,22880,17242831,4255287,0,37542,12081989,19362241
357,Farwell,Pope,2018,50,40433,,,,47936,47936
358,Federal Dam,Cass,2018,112,112995,0,0,0,55987,60700
359,Felton,Clay,2018,173,85798,0,0,0,68363,91005
360,Fergus Falls,Otter Tail,2018,13747,17369005,3379786,0,223765,14321011,24686690
361,Fertile,Polk,2018,848,928932,472,54817,0,698776,1131739
362,Fifty Lakes,Crow Wing,2018,405,573623,,,,365072,615316
363,Finlayson,Pine,2018,306,251001,0,0,0,241208,285115
364,Fisher,Polk,2018,429,343375,21743,0,3814,242726,325431
365,Flensburg,Morrison,2018,226,171939,,,,98038,105743
366,Floodwood,Saint Louis,2018,518,743860,348569,0,0,660319,737889
367,Florence,Lyon,2018,39,31292,0,0,0,30773,30773
368,Foley,Benton,2018,2732,3587826,333783,0,0,1479467,5293933
369,Forada,Douglas,2018,163,339821,,,,190620,286396
370,Forest Lake,Washington,2018,20598,17610898,3977189,0,0,12440096,17154416
371,Foreston,Mille Lacs,2018,528,342665,0,0,0,281868,339864
372,Fort Ripley,Crow Wing,2018,69,37496,,,,23627,33095
373,Fosston,Polk,2018,1489,2288919,193188,52030,0,1712784,3346191
374,Fountain,Fillmore,2018,417,317518,24186,0,0,204325,245019
375,Foxhome,Wilkin,2018,115,65349,2283,0,0,38190,38190
376,Franklin,Renville,2018,474,569785,55827,0,0,339573,602842
377,Frazee,Becker,2018,1405,1394587,206600,0,0,840753,1240319
378,Freeborn,Freeborn,2018,277,252869,0,0,0,128086,140586
379,Freeport,Stearns,2018,685,889329,0,0,0,409822,772963
380,Fridley,Anoka,2018,28824,30782138,6530273,0,5675597,23436054,58328632
381,Frost,Faribault,2018,186,258176,0,0,0,217926,253533
382,Fulda,Murray,2018,1272,1319452,236983,0,152863,1156940,1961044
384,Garfield,Douglas,2018,361,449427,,,,320693,507977
385,Garrison,Crow Wing,2018,215,525148,,,,354000,457154
386,Garvin,Lyon,2018,135,118814,0,0,0,134080,166529
387,Gary,Norman,2018,202,282881,,,,275881,316638
388,Gaylord,Sibley,2018,2282,3412732,407065,0,0,1992701,7289318
389,Gem Lake,Ramsey,2018,454,698755,63006,0,0,440343,1113897
390,Geneva,Freeborn,2018,530,285746,0,0,0,318805,318805
391,Genola,Morrison,2018,75,30653,,,,31999,31999
392,Georgetown,Clay,2018,82,69884,0,0,0,56367,68316
393,Ghent,Lyon,2018,363,1021015,,,431977,619110,804529
394,Gibbon,Sibley,2018,777,1062180,149409,0,0,641839,1148288
395,Gilbert,Saint Louis,2018,1785,2894670,958351,0,0,2549840,2777149
396,Gilman,Benton,2018,235,106642,,,,92458,92458
397,Glencoe,McLeod,2018,5520,5633128,1133375,0,0,4316684,11898708
398,Glenville,Freeborn,2018,595,535682,0,0,0,309618,488402
399,Glenwood,Pope,2018,2573,3651255,590192,0,0,2142804,4729874
400,Glyndon,Clay,2018,1404,1718008,238495,,,1322798,2017136
401,Golden Valley,Hennepin,2018,21580,34022039,5424576,0,172938,17928469,39141594
402,Gonvick,Clearwater,2018,287,304967,26652,,10048,241334,278281
403,Good Thunder,Blue Earth,2018,529,882023,93186,0,0,502332,953101
404,Goodhue,Goodhue,2018,1165,1103637,204304,,,777287,1272216
405,Goodridge,Pennington,2018,140,76117,0,0,0,72029,81846
406,Goodview,Winona,2018,4168,2477598,745364,0,0,1785268,2874189
407,Graceville,Big Stone,2018,565,1121155,14885,238519,,809481,1020612
408,Granada,Martin,2018,272,133026,0,0,0,110927,128927
409,Grand Marais,Cook,2018,1410,3091302,152500,0,32143,2327110,3088990
410,Grand Meadow,Mower,2018,1211,1317453,136642,0,0,798146,1686187
411,Grand Rapids,Itasca,2018,11392,18776095,2948235,0,0,11792944,22985704
412,Granite Falls,Yellow Medicine,2018,2762,4911276,723662,76515,0,2986147,6593307
413,Grant,Washington,2018,4105,1629722,127078,0,0,1368493,1370299
414,Grasston,Kanabec,2018,168,56055,,,,80928,80928
415,Green Isle,Sibley,2018,567,982673,42234,,,443187,939127
416,Greenbush,Roseau,2018,713,768706,517,,,676876,897937
417,Greenfield,Hennepin,2018,2904,2075049,141918,0,0,1447539,1955484
418,Greenwald,Stearns,2018,238,87665,,,,34221,52993
419,Greenwood,Hennepin,2018,706,817905,237231,,,782904,921430
420,Grey Eagle,Todd,2018,335,323959,0,0,0,216048,496585
421,Grove City,Meeker,2018,620,761286,94640,0,0,446957,1016360
422,Grygla,Marshall,2018,229,344768,0,0,0,213635,285105
423,Gully,Polk,2018,59,52161,,,,38783,38783
424,Hackensack,Cass,2018,322,318454,,,,231267,263877
425,Hadley,Murray,2018,58,55347,580,0,0,55950,57862
426,Hallock,Kittson,2018,927,1912248,84575,0,0,889961,1918642
427,Halma,Kittson,2018,48,33158,,,,22195,22195
428,Halstad,Norman,2018,581,497356,32027,0,0,388011,541665
429,Ham Lake,Anoka,2018,16394,7762208,987721,0,0,4432817,7174138
430,Hamburg,Carver,2018,513,832995,18978,0,0,506620,981331
431,Hammond,Wabasha,2018,114,92907,,,,66051,71954
432,Hampton,Dakota,2018,706,473251,,,,278979,495832
433,Hancock,Stevens,2018,763,684415,21994,0,0,284251,645750
434,Hanley Falls,Yellow Medicine,2018,275,302481,0,0,0,194481,287394
435,Hanover,Wright,2018,3476,2326702,191267,0,0,1357489,2908062
436,Hanska,Brown,2018,369,513874,,,,300964,649648
437,Harding,Morrison,2018,119,39272,,,,40969,40969
438,Hardwick,Rock,2018,186,226019,8280,0,0,130811,253880
439,Harmony,Fillmore,2018,1026,1817568,97800,0,0,1200432,1993738
440,Harris,Chisago,2018,1158,486315,13884,0,0,299213,305963
441,Hartland,Freeborn,2018,308,317476,,,,144129,238401
442,Hastings,Dakota,2018,23139,23409974,4727560,0,0,17920941,26361288
443,Hatfield,Pipestone,2018,47,28911,2042,,,15565,39425
444,Hawley,Clay,2018,2236,3546525,441097,,,1721684,3910955
445,Hayfield,Dodge,2018,1342,1242579,134094,18842,0,979263,1296073
446,Hayward,Freeborn,2018,251,328391,0,0,0,182602,253752
447,Hazel Run,Yellow Medicine,2018,61,37086,,,,23468,23468
448,Hector,Renville,2018,1076,2080604,238393,0,0,1023841,1397732
449,Heidelberg,Le Sueur,2018,127,37268,500,0,0,60017,60017
450,Henderson,Sibley,2018,925,1103694,131224,0,0,664069,1665274
451,Hendricks,Lincoln,2018,709,1035905,37400,0,0,644464,1069775
452,Hendrum,Norman,2018,288,246883,8729,0,0,189165,286931
453,Henning,Otter Tail,2018,825,968433,163913,0,0,731208,903185
454,Henriette,Pine,2018,89,54514,0,0,0,38460,38460
455,Herman,Grant,2018,433,869683,35624,,,490333,1022613
456,Hermantown,Saint Louis,2018,9731,10491047,2335755,0,0,6042793,22269175
457,Heron Lake,Jackson,2018,672,760876,122504,0,7881,565876,720475
458,Hewitt,Todd,2018,254,198347,,,,148091,168003
459,Hibbing,Saint Louis,2018,16353,24060171,3248290,0,0,17961764,24677833
460,Hill City,Aitkin,2018,622,743693,183368,0,0,546004,845816
462,Hills,Rock,2018,668,432803,22287,0,0,288870,382500
463,Hilltop,Anoka,2018,794,982499,251595,0,0,978177,984434
464,Hinckley,Pine,2018,1902,1536273,185712,0,0,1319649,1688769
465,Hitterdal,Clay,2018,199,173963,0,0,0,165536,207877
466,Hoffman,Grant,2018,656,1215695,35624,0,25096,456169,1354550
467,Hokah,Houston,2018,544,782323,95099,0,0,717237,846598
468,Holdingford,Stearns,2018,717,936075,15015,0,0,525312,839598
469,Holland,Pipestone,2018,164,120618,7072,0,0,140423,140423
470,Hollandale,Freeborn,2018,291,228965,,,,157806,277878
471,Holloway,Swift,2018,86,112810,0,0,0,76613,110857
472,Holt,Marshall,2018,94,31428,,,,25111,25111
473,Hopkins,Hennepin,2018,19713,30581317,5569329,190623,0,18265364,43017112
474,Houston,Houston,2018,967,1603472,203417,0,79666,1142203,1508391
475,Howard Lake,Wright,2018,2082,3092146,364355,0,0,1927771,3380615
476,Hoyt Lakes,Saint Louis,2018,1975,3612169,535426,0,0,3480969,4677616
477,Hugo,Washington,2018,15247,11091387,1029225,0,0,5392346,8835594
478,Humboldt,Kittson,2018,39,20085,,,,18756,18756
479,Hutchinson,McLeod,2018,14260,24497404,3452898,0,259062,13752513,23879701
480,Ihlen,Pipestone,2018,52,48136,2382,0,0,37010,37010
481,Independence,Hennepin,2018,3763,3345199,1115308,0,0,2873412,3168250
482,International Falls,Koochiching,2018,6138,11305996,1573301,0,0,8132455,12595541
483,Inver Grove Heights,Dakota,2018,35381,43474819,7974190,0,0,25543498,55920990
484,Iona,Murray,2018,139,104639,,,,61688,112776
485,Iron Junction,Saint Louis,2018,88,35865,,,,38677,64454
486,Ironton,Crow Wing,2018,572,1163534,86733,0,0,1117624,1131103
487,Isanti,Isanti,2018,6031,5154690,1195400,0,0,4645357,6176413
488,Isle,Mille Lacs,2018,779,1270506,412433,0,0,1576812,2398162
489,Ivanhoe,Lincoln,2018,546,727504,74939,0,0,596511,715129
490,Jackson,Jackson,2018,3407,3783046,685879,0,0,2975093,3742002
491,Janesville,Waseca,2018,2322,2444755,472323,0,0,1462700,4531971
492,Jasper,Pipestone,2018,595,713580,35904,0,0,472623,702021
493,Jeffers,Cottonwood,2018,349,389133,0,0,0,242002,304004
494,Jenkins,Crow Wing,2018,457,327903,41200,,,272041,378126
495,Johnson,Big Stone,2018,27,17581,145,,,20392,20392
496,Jordan,Scott,2018,6155,6277644,1221739,0,0,3974131,8729379
497,Kandiyohi,Kandiyohi,2018,477,520664,,,,305523,379205
498,Karlstad,Kittson,2018,753,862343,0,68672,0,669986,1341106
499,Kasota,Le Sueur,2018,679,518179,34820,0,0,363253,508236
500,Kasson,Dodge,2018,6504,5539517,1131016,,,3873065,8544802
501,Keewatin,Itasca,2018,1033,1129255,382115,0,0,1170191,1230824
502,Kelliher,Beltrami,2018,259,507834,0,0,0,281863,769679
503,Kellogg,Wabasha,2018,450,582439,40967,0,0,310939,615365
504,Kennedy,Kittson,2018,165,212761,0,0,0,201421,236172
505,Kenneth,Rock,2018,61,37564,2555,,,33164,33164
506,Kensington,Douglas,2018,287,223513,,,,136835,157090
507,Kent,Wilkin,2018,71,38809,,,,25223,25223
508,Kenyon,Goodhue,2018,1836,1848104,374986,0,19327,1588246,1998415
509,Kerkhoven,Swift,2018,742,879671,35000,,,562065,1205056
510,Kerrick,Pine,2018,64,70330,,,,51300,53779
511,Kettle River,Carlton,2018,173,197446,,,,144603,223153
512,Kiester,Faribault,2018,473,606100,12000,,,423931,651677
513,Kilkenny,Le Sueur,2018,136,193827,0,0,0,168357,200180
514,Kimball,Stearns,2018,795,1254042,281585,0,0,838434,1240660
515,Kinbrae,Nobles,2018,16,11829,0,0,0,8673,8673
516,Kingston,Meeker,2018,155,52635,,,,34163,34163
517,Kinney,Saint Louis,2018,159,397219,3178,0,0,300716,352716
518,La Crescent,Houston,2018,5169,5600839,944541,0,42056,3733466,7198531
519,La Prairie,Itasca,2018,652,410203,,,,332436,332436
520,La Salle,Watonwan,2018,92,231043,0,0,0,166209,172176
521,Lafayette,Nicollet,2018,484,539861,,,,302274,563611
522,Lake Benton,Lincoln,2018,672,701563,142800,0,0,650312,876567
523,Lake Bronson,Kittson,2018,215,237812,,,,185000,222788
524,Lake City,Wabasha,2018,5179,6532249,1336074,0,0,5415532,7351689
525,Lake Crystal,Blue Earth,2018,2545,2732564,301434,0,0,2115156,3238753
526,Lake Elmo,Washington,2018,10521,8270340,667109,0,0,4369288,10327199
527,Lake Henry,Stearns,2018,100,234780,207,0,0,107947,610902
528,Lake Lillian,Kandiyohi,2018,229,249205,,,,178344,202355
529,Lake Park,Becker,2018,804,631406,190904,39514,0,735307,902218
531,Lake Saint Croix Beach,Washington,2018,1049,767509,66649,,,868472,951697
530,Lake Shore,Cass,2018,1067,1177956,308021,,,1183623,1314433
532,Lake Wilson,Murray,2018,241,208946,2470,0,0,165700,209388
533,Lakefield,Jackson,2018,1708,2484501,262035,0,0,1639075,2981545
534,Lakeland,Washington,2018,1811,1248494,115823,0,0,863773,1115942
535,Lakeland Shores,Washington,2018,320,198130,19722,,,129841,133435
536,Lakeville,Dakota,2018,64334,54623496,11169958,0,0,28453691,67989335
537,Lamberton,Redwood,2018,799,1142697,103355,3594,,834416,1393016
538,Lancaster,Kittson,2018,330,486544,,,,355245,510945
539,Landfall,Washington,2018,762,2287353,122571,,614900,1139756,1909898
540,Lanesboro,Fillmore,2018,764,1663597,94809,0,0,1164187,1927214
541,Laporte,Hubbard,2018,111,76388,,,,49570,73250
542,Lastrup,Morrison,2018,99,59146,,,,38195,38195
543,Lauderdale,Ramsey,2018,2408,2427052,709240,0,0,1466549,1634213
544,Le Center,Le Sueur,2018,2524,2514231,389615,0,0,1799548,2279391
545,Le Sueur,Le Sueur,2018,4091,6247076,937815,22962,0,5031085,7610611
546,Lengby,Polk,2018,83,40301,0,0,0,34553,35127
547,Leonard,Clearwater,2018,40,26017,,,,12258,12258
548,Leonidas,Saint Louis,2018,48,91726,1200,0,0,143529,144259
549,LeRoy,Mower,2018,955,1009510,75627,0,0,860179,1278033
550,Lester Prairie,McLeod,2018,1705,1672105,344221,,,1226056,1866823
551,Lewiston,Winona,2018,1523,2071321,240752,,,1223147,4826766
552,Lewisville,Watonwan,2018,243,175123,0,0,0,154904,241201
553,Lexington,Anoka,2018,2109,2597858,815866,0,0,2014192,4201088
554,Lilydale,Dakota,2018,947,829525,265344,,,568729,833602
555,Lindstrom,Chisago,2018,4665,3694081,731587,0,0,2115077,4635000
556,Lino Lakes,Anoka,2018,21347,18769777,3749477,0,0,10402393,17482327
557,Lismore,Nobles,2018,230,233824,0,0,0,212980,222880
558,Litchfield,Meeker,2018,6763,6282329,1516985,0,0,5637312,9927435
559,Little Canada,Ramsey,2018,10386,7442504,1611979,0,1334759,5661664,9464733
560,Little Falls,Morrison,2018,8934,9047938,1758952,0,32924,5720728,11862344
561,Littlefork,Koochiching,2018,616,1220895,0,0,0,803865,1112626
562,Long Beach,Pope,2018,346,149732,,,,101056,103542
563,Long Lake,Hennepin,2018,1815,2615385,291372,0,0,1515307,2686991
564,Long Prairie,Todd,2018,3375,3081958,695979,0,0,2114804,3679751
565,Longville,Cass,2018,161,736920,18340,0,0,426423,648407
566,Lonsdale,Rice,2018,4128,4151816,647755,,,2154917,5194993
567,Loretto,Hennepin,2018,661,765424,55507,,,558889,769149
568,Louisburg,Lac qui Parle,2018,37,30799,,,,21976,21976
569,Lowry,Pope,2018,310,325614,8238,0,0,216456,318654
570,Lucan,Redwood,2018,183,260354,,,,199715,227847
571,Luverne,Rock,2018,4725,6149232,863343,0,7592,4998094,6637963
572,Lyle,Mower,2018,546,378875,65842,0,0,253272,295953
573,Lynd,Lyon,2018,464,402815,45247,0,0,171085,329840
574,Mabel,Fillmore,2018,771,1154739,110972,,,967170,1706233
575,Madelia,Watonwan,2018,2302,2776076,420353,0,0,2205209,2856423
576,Madison,Lac qui Parle,2018,1459,2089416,207512,0,139809,1830107,2929112
577,Madison Lake,Blue Earth,2018,1216,1648270,249203,0,0,895934,1668056
578,Magnolia,Rock,2018,209,133471,8321,0,0,100255,100255
579,Mahnomen,Mahnomen,2018,1228,1356784,239933,0,34691,916086,1128208
580,Mahtomedi,Washington,2018,8040,7768287,517534,0,0,3803001,13929989
581,Manchester,Freeborn,2018,50,81811,,,,58362,58362
582,Manhattan Beach,Crow Wing,2018,61,73588,0,0,0,56575,56575
583,Mankato,Blue Earth,2018,43571,50334850,9476105,0,0,29651370,56680015
584,Mantorville,Dodge,2018,1222,1020961,90147,0,0,635694,1380610
585,Maple Grove,Hennepin,2018,66903,78798455,11449317,0,610338,42101995,82590743
586,Maple Lake,Wright,2018,2164,2489082,221641,0,0,1501983,2990997
587,Maple Plain,Hennepin,2018,1864,2429405,515643,0,0,1841848,3212951
588,Mapleton,Blue Earth,2018,1735,2092757,306047,0,0,1016741,2909327
589,Mapleview,Mower,2018,179,200734,0,0,0,161290,174570
590,Maplewood,Ramsey,2018,40710,35737102,9146764,0,0,23002825,47316212
591,Marble,Itasca,2018,674,541304,0,0,0,516378,556637
592,Marietta,Lac qui Parle,2018,143,165920,,,,182223,182223
593,Marine on Saint Croix,Washington,2018,711,1096894,0,0,0,756730,1597515
594,Marshall,Lyon,2018,13783,26588158,2951601,0,0,15114246,27765006
595,Mayer,Carver,2018,2295,1475481,84833,0,0,885681,1463704
596,Maynard,Chippewa,2018,349,457294,0,0,0,404136,447322
597,Mazeppa,Wabasha,2018,876,899275,48390,0,0,659287,858780
598,McGrath,Aitkin,2018,73,61717,,,,52627,52627
599,McGregor,Aitkin,2018,381,670346,13293,,,542393,593197
600,McIntosh,Polk,2018,612,543585,1078,0,0,419409,481236
601,McKinley,Saint Louis,2018,127,152127,0,0,0,116944,144103
602,Meadowlands,Saint Louis,2018,131,100745,0,0,0,77041,77041
603,Medford,Steele,2018,1284,1213443,73756,0,0,623111,1144920
604,Medicine Lake,Hennepin,2018,388,518703,15292,0,0,335138,688874
605,Medina,Hennepin,2018,6646,6842920,1663403,0,0,4595383,7344977
606,Meire Grove,Stearns,2018,176,65292,0,0,0,42516,60119
607,Melrose,Stearns,2018,3666,4506404,587965,0,0,2656845,4383941
608,Menahga,Wadena,2018,1341,1371727,291971,0,0,887244,1377991
609,Mendota,Dakota,2018,206,291625,76001,0,0,214278,258644
610,Mendota Heights,Dakota,2018,11392,11914514,3411285,0,0,8350101,12100367
611,Mentor,Polk,2018,146,253011,0,0,0,231435,265878
612,Middle River,Marshall,2018,309,298395,0,0,0,249997,444270
613,Miesville,Dakota,2018,137,167356,,,,140234,172760
614,Milaca,Mille Lacs,2018,2895,2698753,559424,0,0,2007226,2727898
615,Milan,Chippewa,2018,349,311250,0,0,0,272297,281494
616,Millerville,Douglas,2018,107,138139,,,,99642,121884
617,Millville,Wabasha,2018,175,71094,,,,49197,49197
618,Milroy,Redwood,2018,246,274646,0,0,0,266020,301517
619,Miltona,Douglas,2018,433,467596,12558,0,0,351469,652116
620,Minneapolis,Hennepin,2018,428483,1000328705,176506000,24104000,19000000,779818704,1090892307
621,Minneiska,Wabasha,2018,109,44277,,,,28648,28648
622,Minneota,Lyon,2018,1382,1400488,122209,0,128835,1109687,2228604
623,Minnesota City,Winona,2018,189,74235,0,0,0,65963,65963
624,Minnesota Lake,Faribault,2018,662,716811,73639,0,0,485586,584897
625,Minnetonka,Hennepin,2018,53713,66402903,9824930,406252,2614995,36847877,57752635
626,Minnetonka Beach,Hennepin,2018,561,1097190,141000,,,863657,1073378
627,Minnetrista,Hennepin,2018,7692,7767348,2007024,0,0,5105317,7607449
628,Mizpah,Koochiching,2018,53,20679,0,0,0,13751,13751
629,Montevideo,Chippewa,2018,5287,11156389,1299145,200,0,4414813,7182669
630,Montgomery,Le Sueur,2018,3079,3323192,853648,0,0,2186041,3430787
631,Monticello,Wright,2018,13782,15906382,1362411,0,0,10968783,23578834
632,Montrose,Wright,2018,3247,2267563,262800,0,0,1007801,1710444
633,Moorhead,Clay,2018,43522,57418723,10415210,0,867796,34067279,81194551
634,Moose Lake,Carlton,2018,2794,2253321,590573,0,0,1797865,2402476
635,Mora,Kanabec,2018,3598,3437392,644323,0,50169,3045007,3630285
636,Morgan,Redwood,2018,864,1121971,112106,0,0,787363,1287103
637,Morris,Stevens,2018,5452,6565184,884795,0,0,5341828,7352385
638,Morristown,Rice,2018,995,950889,114834,,,636894,811303
639,Morton,Renville,2018,371,546293,59334,0,6000,501817,543920
640,Motley,Morrison,2018,659,768052,139017,,,593236,860605
641,Mound,Hennepin,2018,9347,11047344,1751188,0,82659,5947548,11243496
642,Mounds View,Ramsey,2018,13328,10582299,3028870,,,8552754,11315771
643,Mountain Iron,Saint Louis,2018,2893,4775919,530129,0,0,4229015,4636682
644,Mountain Lake,Cottonwood,2018,2108,2942640,363132,0,0,1843767,3822445
645,Murdock,Swift,2018,269,258578,0,0,0,258400,312534
646,Myrtle,Freeborn,2018,39,63650,,,,50206,60019
647,Nashua,Wilkin,2018,55,15825,,,,13345,13345
648,Nashwauk,Itasca,2018,962,1713715,411983,0,0,1563291,1882643
649,Nassau,Lac qui Parle,2018,56,80245,,,,56334,78554
650,Nelson,Douglas,2018,183,51879,0,0,0,78887,78887
651,Nerstrand,Rice,2018,309,223771,,,,172619,215671
652,Nevis,Hubbard,2018,416,500715,84570,,,419772,506098
653,New Auburn,Sibley,2018,446,494055,9503,,,234866,430528
654,New Brighton,Ramsey,2018,23119,35349834,4881901,0,723443,19430504,32459363
655,New Germany,Carver,2018,455,539435,16415,,,300807,448053
656,New Hope,Hennepin,2018,21790,20131801,6007727,0,0,14333760,29007841
657,New London,Kandiyohi,2018,1390,1690600,19267,0,0,1045468,1729450
659,New Munich,Stearns,2018,320,248500,0,0,0,139188,320392
660,New Prague,Scott,2018,8056,6820338,1344892,0,0,4477980,7408058
661,New Richland,Waseca,2018,1205,1372330,257641,0,0,905431,1600266
662,New Trier,Dakota,2018,114,61401,0,0,0,35909,53296
663,New Ulm,Brown,2018,13645,21774375,2924854,0,0,15988959,25957616
664,New York Mills,Otter Tail,2018,1226,1787396,329149,,,1380337,2521085
665,Newfolden,Marshall,2018,379,329819,,,,190835,240853
666,Newport,Washington,2018,3678,5055890,736572,0,0,2925409,7410148
667,Nicollet,Nicollet,2018,1140,893471,0,0,0,337218,1307363
668,Nielsville,Polk,2018,88,74050,,,,52859,55647
669,Nimrod,Wadena,2018,77,36337,,,,22880,22880
670,Nisswa,Crow Wing,2018,2069,3076674,653879,,,2369464,4581405
671,Norcross,Grant,2018,71,60494,0,0,0,30915,30915
672,North Branch,Chisago,2018,10726,9228626,1686907,0,150277,5987135,8697388
673,North Mankato,Nicollet,2018,14059,13389052,2173799,0,0,8400200,15522129
674,North Oaks,Ramsey,2018,5304,2476990,758098,0,0,2339614,2499518
675,North Saint Paul,Ramsey,2018,12159,10506269,2720075,0,194590,7427326,10897156
676,Northfield,Rice,2018,20426,18827931,3544798,0,176053,12950556,24035061
677,Northome,Koochiching,2018,176,299595,0,0,78,251355,264273
678,Northrop,Martin,2018,208,147055,12775,0,0,127239,131846
679,Norwood Young America,Carver,2018,3833,4032806,191165,0,25654,2087680,4372404
957,Nowthen,Anoka,2018,4758,1991604,226680,0,0,1419137,1848318
680,Oak Grove,Anoka,2018,8689,3703477,566443,0,0,2448501,5497139
681,Oak Park Heights,Washington,2018,4801,6953471,1365413,,,5126103,7310184
682,Oakdale,Washington,2018,28315,20501178,5131656,0,21374,14422491,24114718
683,Odessa,Big Stone,2018,119,98795,0,0,0,78323,81184
684,Odin,Watonwan,2018,103,115222,0,0,0,102440,108770
685,Ogema,Becker,2018,179,119891,798,0,0,59780,59780
686,Ogilvie,Kanabec,2018,358,346420,27000,0,0,241905,296432
687,Okabena,Jackson,2018,202,154608,6000,0,0,125761,141386
688,Oklee,Red Lake,2018,428,475874,13506,0,0,393103,398369
689,Olivia,Renville,2018,2439,2794395,614644,0,0,2324417,3321576
690,Onamia,Mille Lacs,2018,860,902120,274547,,,716992,824517
691,Ormsby,Watonwan,2018,127,102087,0,0,0,92480,104663
692,Orono,Hennepin,2018,8102,11671721,4188582,0,1851,7881352,14698121
693,Oronoco,Olmsted,2018,1503,1545861,53593,0,0,756320,1197417
694,Orr,Saint Louis,2018,289,596791,0,0,0,582582,598538
695,Ortonville,Big Stone,2018,1816,2184838,385943,,,2078529,2413913
696,Osakis,Douglas,2018,1784,2245304,404058,,4987,1227229,1968492
697,Oslo,Marshall,2018,302,353076,0,0,0,328112,436498
698,Osseo,Hennepin,2018,2729,4354941,784457,0,87395,2318103,8589181
699,Ostrander,Fillmore,2018,250,2107630,24000,,,159083,3589496
700,Otsego,Wright,2018,17323,13693544,1177836,0,400,5434571,15274754
701,Ottertail,Otter Tail,2018,640,676817,0,0,0,472297,644083
702,Owatonna,Steele,2018,26087,25248472,4870976,0,503624,21035160,28658694
703,Palisade,Aitkin,2018,152,234195,0,0,0,214495,264732
704,Park Rapids,Hubbard,2018,4136,5033572,1131710,0,52127,3490700,9595875
705,Parkers Prairie,Otter Tail,2018,1024,1136147,247982,0,0,767776,1116523
706,Paynesville,Stearns,2018,2513,3028086,510206,0,0,2091965,3488032
707,Pease,Mille Lacs,2018,234,129587,0,0,0,60092,93825
708,Pelican Rapids,Otter Tail,2018,2525,2645713,354560,0,0,1741849,3552914
709,Pemberton,Blue Earth,2018,227,304722,,,,244119,335742
710,Pennock,Kandiyohi,2018,513,319882,19227,0,0,197344,252755
711,Pequot Lakes,Crow Wing,2018,2346,7166606,839490,0,0,1924543,3547357
712,Perham,Otter Tail,2018,3388,4805064,694859,0,0,3169084,5186880
713,Perley,Norman,2018,83,66879,0,0,0,64249,109302
714,Peterson,Fillmore,2018,193,157412,0,0,0,122513,222272
715,Pierz,Morrison,2018,1388,1093925,190912,,2727,753510,886629
716,Pillager,Cass,2018,489,585962,60162,0,0,343247,536273
717,Pine City,Pine,2018,3261,2981227,185712,0,25132,1910007,4714243
718,Pine Island,Goodhue,2018,3420,3845320,317233,0,55020,2500917,5084413
719,Pine River,Cass,2018,944,1244014,201065,,,1028965,1217921
720,Pine Springs,Washington,2018,414,184303,0,0,0,125936,125936
721,Pipestone,Pipestone,2018,4150,6838334,848837,0,0,4461485,7501739
722,Plainview,Wabasha,2018,3387,4022310,856082,0,0,3391090,4613131
723,Plato,McLeod,2018,302,360690,0,0,0,252570,344778
725,Plummer,Red Lake,2018,298,302965,10129,0,0,187979,202605
726,Plymouth,Hennepin,2018,78351,67719994,14390378,0,3663068,50709135,68627400
727,Porter,Yellow Medicine,2018,175,147644,0,0,150,89533,141796
728,Preston,Fillmore,2018,1329,2533153,339911,0,218873,1881261,2383153
729,Princeton,Mille Lacs,2018,4755,4813777,1387424,0,0,3840608,5138426
730,Prinsburg,Kandiyohi,2018,501,557598,0,0,0,484959,566090
731,Prior Lake,Scott,2018,26135,22764067,4239400,0,0,12887291,26544745
732,Proctor,Saint Louis,2018,3071,4522568,929927,0,0,2482242,5524858
733,Quamba,Kanabec,2018,116,52853,,,,46250,50630
734,Racine,Mower,2018,446,252696,0,0,0,178519,242914
735,Ramsey,Anoka,2018,27051,20694507,3477737,0,0,12683790,19275200
736,Randall,Morrison,2018,629,388528,30210,,,292184,410158
737,Randolph,Dakota,2018,470,329381,0,0,0,311815,311815
738,Ranier,Koochiching,2018,587,402937,0,0,7554,366273,603322
739,Raymond,Kandiyohi,2018,761,1231615,16150,0,0,422513,705363
740,Red Lake Falls,Red Lake,2018,1381,2269953,55573,0,0,1327083,2120580
741,Red Wing,Goodhue,2018,16522,35366116,4347220,0,0,18210425,42004802
742,Redwood Falls,Redwood,2018,5236,9361580,1486835,0,0,6925914,10194781
743,Regal,Kandiyohi,2018,33,30605,0,0,0,18929,18929
744,Remer,Cass,2018,404,466763,0,0,0,502549,680678
745,Renville,Renville,2018,1227,1450815,261034,0,0,941884,1303494
746,Revere,Redwood,2018,92,88765,0,0,0,54135,54135
747,Rice,Benton,2018,1351,996367,208762,,25467,836034,936298
958,Rice Lake,Saint Louis,2018,4103,1948395,23309,0,0,1041632,1724335
748,Richfield,Hennepin,2018,36436,45285966,8684562,48554,5598354,31141886,49705536
749,Richmond,Stearns,2018,1478,1312099,172779,0,0,749367,1287837
750,Richville,Otter Tail,2018,87,33315,0,0,0,21438,22665
751,Riverton,Crow Wing,2018,111,58812,0,0,0,63140,63140
752,Robbinsdale,Hennepin,2018,14776,13519811,4328594,0,1063620,12025548,14523956
753,Rochester,Olmsted,2018,117444,202945722,27448744,0,0,124771008,186184601
754,Rock Creek,Pine,2018,1634,522474,,,,605069,652564
755,Rockford,Wright,2018,4390,3268068,317018,0,29912,2181444,2833007
756,Rockville,Stearns,2018,2570,1857114,49241,0,0,816818,2322011
757,Rogers,Hennepin,2018,12991,18971649,3055584,0,0,9004088,14792992
758,Rollingstone,Winona,2018,653,551833,0,0,0,270772,509708
761,Roscoe,Stearns,2018,103,55877,0,0,0,41636,41636
762,Rose Creek,Mower,2018,398,340345,0,0,0,208855,267721
763,Roseau,Roseau,2018,2775,3450465,782856,,,2818891,4682450
764,Rosemount,Dakota,2018,24342,23991667,4257644,0,0,13055658,23697173
765,Roseville,Ramsey,2018,36272,34870890,7954306,0,20043,30399139,37830260
766,Rothsay,Wilkin,2018,484,642327,10920,,,446385,703980
767,Round Lake,Nobles,2018,375,339951,7204,0,0,277606,354922
768,Royalton,Morrison,2018,1249,1417800,224477,,21606,671203,1350727
769,Rush City,Chisago,2018,3094,2192409,353767,0,0,1210899,2705900
770,Rushford,Fillmore,2018,1770,2888758,300889,0,11567,1239515,3417762
771,Rushford Village,Fillmore,2018,841,513944,,,,388339,832239
772,Rushmore,Nobles,2018,338,393000,7280,0,0,295148,433095
773,Russell,Lyon,2018,329,258281,22504,0,0,217298,311234
774,Ruthton,Pipestone,2018,212,251455,9114,0,0,180367,317679
775,Rutledge,Pine,2018,223,86720,0,0,0,39770,59745
776,Sabin,Clay,2018,554,381344,,,,257271,409958
777,Sacred Heart,Renville,2018,504,2161548,101031,0,0,502680,4365481
813,Saint Anthony,Hennepin,2018,9067,12862800,3568561,0,160255,8799629,16415157
814,Saint Anthony [Stearns],Stearns,2018,90,22247,0,0,0,9207,9207
953,Saint Augusta,Stearns,2018,3563,2021146,0,0,105941,959245,1473612
815,Saint Bonifacius,Hennepin,2018,2328,1546748,248371,,,1151356,1593118
816,Saint Charles,Winona,2018,3838,2849112,584892,0,0,2019978,3472241
817,Saint Clair,Blue Earth,2018,832,705877,24905,0,0,415158,500498
818,Saint Cloud,Stearns,2018,68202,78138675,17661597,0,377406,56817552,113255596
819,Saint Francis,Anoka,2018,7872,5822802,1502729,0,0,4395671,5616663
820,Saint Hilaire,Pennington,2018,270,201505,0,0,0,167087,192336
821,Saint James,Watonwan,2018,4545,10385511,858749,0,0,3895620,12321525
822,Saint Joseph,Stearns,2018,7318,5982872,1111840,0,0,3322494,5775928
823,Saint Leo,Yellow Medicine,2018,92,68965,,,,32351,32351
824,Saint Louis Park,Hennepin,2018,48910,63535497,9947329,0,524069,53178460,71186099
825,Saint Martin,Stearns,2018,341,1206793,0,0,0,307199,2443431
826,Saint Mary's Point,Washington,2018,368,291689,23312,0,0,249337,349718
827,Saint Michael,Wright,2018,17835,11743307,840960,0,0,6078697,14791663
828,Saint Paul,Ramsey,2018,313010,488379637,107284872,2564227,26608154,412371437,576974242
829,Saint Paul Park,Washington,2018,5581,4312257,1297552,0,0,2931211,3727774
830,Saint Peter,Nicollet,2018,11967,10396835,2412139,0,178129,8123239,11022795
831,Saint Rosa,Stearns,2018,72,105704,,,,50300,97286
832,Saint Stephen,Stearns,2018,881,657226,22825,0,0,470106,487658
833,Saint Vincent,Kittson,2018,51,41517,,,,14433,14433
778,Sanborn,Redwood,2018,314,372364,10,0,0,395526,414048
779,Sandstone,Pine,2018,2685,2007652,132288,0,0,1011192,1883882
781,Sartell,Stearns,2018,18754,15214257,2656575,0,0,6738811,31560745
782,Sauk Centre,Stearns,2018,4554,7553234,944323,0,0,3725343,8279821
783,Sauk Rapids,Benton,2018,13954,11088893,2232183,0,143968,6086848,10332446
784,Savage,Scott,2018,31407,25088880,5671566,0,0,15172345,32763970
955,Scandia,Washington,2018,4129,2892797,136077,0,0,1544282,6818436
785,Scanlon,Carlton,2018,992,546328,120356,0,0,456394,511886
786,Seaforth,Redwood,2018,81,73421,0,0,0,49809,68865
787,Sebeka,Wadena,2018,692,1090581,163698,0,8510,619209,3484912
788,Sedan,Pope,2018,50,41168,0,0,0,27190,27190
789,Shafer,Chisago,2018,1087,799327,50590,,,528523,679868
790,Shakopee,Scott,2018,41506,38468597,8445355,0,173341,28911846,38006874
791,Shelly,Norman,2018,187,126233,0,0,67,151692,174481
792,Sherburn,Martin,2018,1053,1353737,203714,0,0,912340,1537681
793,Shevlin,Clearwater,2018,169,102217,0,0,0,86466,96645
794,Shoreview,Ramsey,2018,26480,23457022,2273686,0,692812,17401874,38444918
795,Shorewood,Hennepin,2018,7693,8904867,1240571,0,0,4591509,10163072
796,Silver Bay,Lake,2018,1823,3846878,553150,0,19919,2660940,3527723
797,Silver Lake,McLeod,2018,802,1121543,231670,0,0,920618,1147500
798,Skyline,Blue Earth,2018,279,80721,0,0,0,89528,89528
799,Slayton,Murray,2018,2100,2241540,532497,0,146,1802861,3671244
800,Sleepy Eye,Brown,2018,3464,4352633,686308,0,1201,4085744,6060908
801,Sobieski,Morrison,2018,189,104756,,,,79567,79567
802,Solway,Beltrami,2018,89,38846,,,,25595,25595
803,South Haven,Wright,2018,190,477961,14976,0,0,388094,410297
804,South Saint Paul,Dakota,2018,20878,28975411,5628331,0,562146,23029457,30276050
805,Spicer,Kandiyohi,2018,1217,2188173,43351,0,3801,967001,2406394
806,Spring Grove,Houston,2018,1291,1486539,219047,0,0,1229558,1964422
807,Spring Hill,Stearns,2018,90,35336,0,0,0,29842,29842
808,Spring Lake Park,Anoka,2018,6410,5863383,1727667,0,34942,4794715,6221811
809,Spring Park,Hennepin,2018,1694,1301305,444248,0,88807,1255210,1620390
810,Spring Valley,Fillmore,2018,2505,2833044,311139,0,6000,2177387,5960415
811,Springfield,Brown,2018,2051,3334489,503916,0,0,2559588,4011665
812,Squaw Lake,Itasca,2018,102,96044,,,,66486,73401
834,Stacy,Chisago,2018,1524,900182,60164,0,0,544503,1370182
835,Staples,Todd,2018,2972,3384959,787102,0,0,2355328,3357809
836,Starbuck,Pope,2018,1290,1616439,458027,,,1084929,1841960
837,Steen,Rock,2018,182,98541,6839,,,73922,113186
838,Stephen,Marshall,2018,668,822978,,23274,250000,975236,1106948
839,Stewart,McLeod,2018,544,852932,114362,0,0,532347,1456560
840,Stewartville,Olmsted,2018,6237,5725070,537079,48732,0,3260264,6101742
841,Stillwater,Washington,2018,19915,24394138,3423099,0,0,15425550,27580972
842,Stockton,Winona,2018,721,357281,0,0,0,200361,210190
843,Storden,Cottonwood,2018,203,295350,0,0,0,205330,294380
844,Strandquist,Marshall,2018,77,46141,0,0,0,40943,40943
845,Strathcona,Roseau,2018,35,20081,0,0,0,16081,16081
846,Sturgeon Lake,Pine,2018,427,355901,0,0,0,220625,222125
847,Sunburg,Kandiyohi,2018,98,258053,,,28374,158955,291973
848,Sunfish Lake,Dakota,2018,516,622699,102368,,,426117,590467
849,Swanville,Morrison,2018,348,270207,0,0,0,201416,304904
850,Taconite,Itasca,2018,635,346222,0,0,0,419656,419656
851,Tamarack,Aitkin,2018,79,76297,,,,83548,88567
852,Taopi,Mower,2018,52,22531,,,,10293,10293
853,Taunton,Lyon,2018,127,114833,,,,74857,74857
854,Taylors Falls,Chisago,2018,1024,996685,120676,,17603,663926,1113658
856,Tenstrike,Beltrami,2018,211,59918,0,0,0,31673,31673
857,Thief River Falls,Pennington,2018,8940,11119494,2247599,0,336447,9728156,18572581
859,Tintah,Traverse,2018,58,111295,0,0,0,73445,88055
860,Tonka Bay,Hennepin,2018,1550,1553663,472653,0,0,1424163,1970136
861,Tower,Saint Louis,2018,491,2293866,114319,0,0,1800729,3484616
862,Tracy,Lyon,2018,2123,3155361,365930,0,0,2154075,3242691
863,Trail,Polk,2018,44,19569,,,,21094,23995
864,Trimont,Martin,2018,709,838444,123503,0,0,658777,721888
865,Trommald,Crow Wing,2018,104,56322,0,0,0,71044,71044
866,Trosky,Pipestone,2018,68,50133,3252,,,38333,43083
867,Truman,Martin,2018,1058,2561645,138868,0,0,959002,1259122
868,Turtle River,Beltrami,2018,80,36735,,,,42440,42440
869,Twin Lakes,Freeborn,2018,145,67294,0,0,0,50201,50201
870,Twin Valley,Norman,2018,797,642020,147161,0,0,506204,573945
871,Two Harbors,Lake,2018,3638,5256346,1075040,0,0,4275071,6642076
872,Tyler,Lincoln,2018,1119,963535,185751,0,0,833976,948999
873,Ulen,Clay,2018,554,497494,879,,,315877,420092
874,Underwood,Otter Tail,2018,360,246747,,,125,167051,184451
875,Upsala,Morrison,2018,429,446947,0,0,0,331881,558124
876,Urbank,Otter Tail,2018,54,50225,,,,46448,46448
877,Utica,Winona,2018,270,126591,,,,78786,108075
878,Vadnais Heights,Ramsey,2018,13198,7684867,1241717,0,0,6063711,7569659
879,Vergas,Otter Tail,2018,363,363098,0,0,0,254033,343641
880,Vermillion,Dakota,2018,439,224050,,,,115834,115834
881,Verndale,Wadena,2018,581,788763,119789,0,0,385507,834498
882,Vernon Center,Blue Earth,2018,303,371198,53153,0,0,306707,306707
883,Vesta,Redwood,2018,297,410319,0,0,108082,353214,455537
884,Victoria,Carver,2018,9918,9003204,497748,0,0,4809746,11155439
885,Viking,Marshall,2018,99,108585,0,0,0,104685,114616
886,Villard,Pope,2018,254,284632,0,0,0,181572,181572
887,Vining,Otter Tail,2018,69,76377,0,0,0,50409,56985
888,Virginia,Saint Louis,2018,8439,18576863,3411341,0,0,16292135,25767794
889,Wabasha,Wabasha,2018,2515,3617868,773715,0,0,2885747,3793122
890,Wabasso,Redwood,2018,693,1001460,32760,0,0,719942,1320193
891,Waconia,Carver,2018,13124,12473668,894427,0,142630,7854593,18051739
892,Wadena,Wadena,2018,4150,4067856,940683,0,83280,3719027,4505352
893,Wahkon,Mille Lacs,2018,221,306475,,,,331780,331780
894,Waite Park,Stearns,2018,7777,10747842,2846652,0,0,7755224,13898043
895,Waldorf,Waseca,2018,225,236901,0,0,0,160110,176150
896,Walker,Cass,2018,926,2694411,276244,0,0,1413300,2296241
897,Walnut Grove,Redwood,2018,818,785472,52528,0,0,446757,563095
898,Walters,Faribault,2018,65,101044,0,0,0,79003,93283
899,Waltham,Mower,2018,155,87544,,,,41957,69117
900,Wanamingo,Goodhue,2018,1097,1763926,104898,,25261,738710,1649183
901,Wanda,Redwood,2018,84,100924,,,,71045,81045
902,Warba,Itasca,2018,183,371081,0,0,0,340787,355637
903,Warren,Marshall,2018,1596,2674565,53045,0,28361,1341656,3936897
904,Warroad,Roseau,2018,1838,5342471,577350,,31196,3430511,6266303
905,Waseca,Waseca,2018,9027,15906864,2295696,0,45956,7546041,18473405
906,Watertown,Carver,2018,4654,3577927,251900,0,0,2175239,5505978
907,Waterville,Le Sueur,2018,1894,1954561,447375,0,0,1497787,2230576
908,Watkins,Meeker,2018,956,1488256,95441,,,889869,1398593
909,Watson,Chippewa,2018,192,171766,,,,130713,171255
910,Waubun,Mahnomen,2018,407,208710,26507,0,0,197474,199504
911,Waverly,Wright,2018,1528,2838472,157680,0,0,1041179,2892558
912,Wayzata,Hennepin,2018,4719,11417708,1838494,0,2341981,8392404,10288853
913,Welcome,Martin,2018,647,1215254,165043,0,0,616842,1343237
914,Wells,Faribault,2018,2243,3826201,514591,0,92418,2765518,5694030
915,Wendell,Grant,2018,162,206866,4952,,27986,174556,174556
916,West Concord,Dodge,2018,776,1142335,120457,,,715775,1026618
917,West Saint Paul,Dakota,2018,21053,20782704,5278551,0,0,15942490,26078156
918,West Union,Todd,2018,104,32270,,,,15172,111355
919,Westbrook,Cottonwood,2018,710,842900,123052,0,0,647898,936073
920,Westport,Pope,2018,54,24695,0,0,0,15431,15431
921,Whalan,Fillmore,2018,65,42033,0,0,0,59996,59996
922,Wheaton,Traverse,2018,1366,1739092,347123,0,0,1331728,1570734
923,White Bear Lake,Ramsey,2018,25458,17545672,4995982,0,198426,13557978,25614691
924,Wilder,Jackson,2018,56,53878,,,,38945,46157
925,Willernie,Washington,2018,542,390361,30786,0,0,287778,331482
926,Williams,Lake of The Woods,2018,177,153729,0,0,0,170888,186949
927,Willmar,Kandiyohi,2018,20096,28731053,4656692,0,0,14851775,28569017
928,Willow River,Pine,2018,395,391449,,,,541812,613704
929,Wilmont,Nobles,2018,341,431969,7280,0,0,230270,402034
930,Wilton,Beltrami,2018,244,45677,0,0,0,37253,41074
931,Windom,Cottonwood,2018,4539,5975484,1087671,0,0,5068672,6593331
932,Winger,Polk,2018,215,159739,,,,132652,141031
933,Winnebago,Faribault,2018,1333,1743705,313196,0,0,1364474,2012056
934,Winona,Winona,2018,27207,22973461,5319806,0,4616,20525015,26816359
935,Winsted,McLeod,2018,2289,3005907,422003,0,0,1704792,3157979
936,Winthrop,Sibley,2018,1412,1839460,295963,0,0,1503517,1906957
937,Winton,Saint Louis,2018,164,157244,0,0,0,80064,143630
938,Wolf Lake,Becker,2018,60,192503,,,,121255,129791
939,Wolverton,Wilkin,2018,131,127564,2612,,,109702,109702
940,Wood Lake,Yellow Medicine,2018,417,410697,0,0,0,275737,380725
941,Woodbury,Washington,2018,70840,72800750,11395591,0,490965,41262557,80151753
942,Woodland,Hennepin,2018,467,437235,117409,,,362445,469108
943,Woodstock,Pipestone,2018,104,132934,0,0,0,50470,121686
944,Worthington,Nobles,2018,13510,11389540,4081907,0,22748,8751884,14379221
945,Wrenshall,Carlton,2018,418,258805,,,,197344,208505
946,Wright,Carlton,2018,126,87032,,,,84469,84469
947,Wykoff,Fillmore,2018,442,480096,24000,,,252588,736456
948,Wyoming,Chisago,2018,8037,6050403,1733688,0,0,3905858,7403089
949,Zemple,Itasca,2018,89,25484,2000,0,0,17889,17889
950,Zimmerman,Sherburne,2018,5734,3217787,675349,0,0,2030315,2463856
951,Zumbro Falls,Wabasha,2018,204,398062,0,0,41112,386982,386982
952,Zumbrota,Goodhue,2018,3463,3487892,552287,0,0,2315098,3330080